Tuples,F(X),E(X),Type
"(0, 0, 3, 2, 0, 3, 4)",1.0,1.7142857142857142,Unique
"(4, 0, 0, 3, 2, 0, 3)",5.0,1.7142857142857142,rotation1
"(3, 4, 0, 0, 3, 2, 0)",13.0,1.7142857142857142,rotation2
"(0, 3, 4, 0, 0, 3, 2)",4.0,1.7142857142857142,rotation3
"(2, 0, 3, 4, 0, 0, 3)",5.0,1.7142857142857142,rotation4
"(3, 2, 0, 3, 4, 0, 0)",13.0,1.7142857142857142,rotation5
"(0, 3, 2, 0, 3, 4, 0)",4.0,1.7142857142857142,rotation6
"(0, 0, 3, 4, 2, 2, 2)",1.0,1.8571428571428568,Unique
"(2, 0, 0, 3, 4, 2, 2)",1.0,1.8571428571428568,rotation1
"(2, 2, 0, 0, 3, 4, 2)",1.0,1.8571428571428568,rotation2
"(2, 2, 2, 0, 0, 3, 4)",1.0,1.8571428571428568,rotation3
"(4, 2, 2, 2, 0, 0, 3)",5.0,1.8571428571428568,rotation4
"(3, 4, 2, 2, 2, 0, 0)",13.0,1.8571428571428568,rotation5
"(0, 3, 4, 2, 2, 2, 0)",4.0,1.8571428571428568,rotation6
"(0, 1, 1, 2, 3, 4, 1)",2.0,1.7142857142857142,Unique
"(1, 0, 1, 1, 2, 3, 4)",1.0,1.7142857142857142,rotation1
"(4, 1, 0, 1, 1, 2, 3)",5.0,1.7142857142857142,rotation2
"(3, 4, 1, 0, 1, 1, 2)",13.0,1.7142857142857142,rotation3
"(2, 3, 4, 1, 0, 1, 1)",17.0,1.7142857142857142,rotation4
"(1, 2, 3, 4, 1, 0, 1)",11.0,1.7142857142857142,rotation5
"(1, 1, 2, 3, 4, 1, 0)",7.0,1.7142857142857142,rotation6
"(2, 2, 2, 2, 2, 2, 2)",1.0,2.0,Unique
